data_coleta,rodovia,impacto,aviso
2025-06-19,ERS-446,OBRAS COM IMPACTO NA RODOVIA,"*km 00 ao 14, do Viaduto sobre a ERS-122 em São Vendelino ao trevo de acesso a Carlos Barbosa, pare e siga para manutenção da faixa de domínio;"
2025-06-19,ERS-446,OBRAS SEM IMPACTO NA RODOVIA,"*km 00 ao 14, do Viaduto sobre a ERS-122 em São Vendelino ao trevo de acesso a Carlos Barbosa, limpeza da faixa de domínio;"
2025-06-19,BRS-470,OBRAS SEM IMPACTO NA RODOVIA,"*Km 230, próximo ao transportes Bertin em Carlos Barbosa, manutenção da sinalização;"
2025-06-19,RSC-287,OBRAS SEM IMPACTO NA RODOVIA,"*Km 00 ao 07, do trevo de Montenegro ao antigo Frigonal, serviços gerais da conserva;"
2025-06-19,RSC-453,OBRAS SEM IMPACTO NA RODOVIA,"*Km 101 ao 121, do trevo de entroncamento com a BRS-470 em Garibaldi ao entroncamento com a ERS-122 em Farroupilha, instalação de meios fios, manutenção de sinalização e sistema de drenagem;"
2025-06-19,ERS-240,OBRAS COM IMPACTO NO TRAFEGO,"*Km 09 ao 10, próximo à Borracharia Misturn Portão, estreitamento de pista pintura;"
2025-06-19,ERS-240,OBRAS COM IMPACTO NO TRAFEGO,"*Km 23 ao 26, do Viveiro Kelsh ao Viveiro do Luiz em Capela de Santana, pare e siga para manutenção de talude;"
2025-06-19,ERS-240,OBRAS SEM IMPACTO NO TRÁFEGO,"*Km 06 ao 13, da Volvo ao Hotel De Stefani em Portão, manutenção da faixa de domínio;"
2025-06-19,ERS-240,OBRAS SEM IMPACTO NO TRÁFEGO,"*Km 24, próximo a Casa do Chá em Capela de Santana, instalação de tubulação;"
2025-06-19,ERS-240,OBRAS SEM IMPACTO NO TRÁFEGO,"*Km 31 ao 33, próximo ao Posto Paradouro em Montenegro, serviços gerais da conserva;"
2025-06-19,ERS-122,OBRAS COM IMPACTO NA RODOVIA,"*Km 30 ao 43, da Tenda Bom Princípio ao refúgio em curva em São Vendelino, pare e siga para reparo localizado, manutenção do sistema de drenagem, pintura e concretagem de canaleta;"
2025-06-19,ERS-122,OBRAS COM IMPACTO NA RODOVIA,"*Km 50 ao 51, próximo ao Bar da Janete em Farroupilha, estreitamento de pista sentido capital para conformação de terreno e concretagem;"
2025-06-19,ERS-122,OBRAS COM IMPACTO NA RODOVIA,"*Km 55 ao 60, do Posto Vila Nova ao Restaurante Beija Flor em Farroupilha, estreitamento de pista para pintura;"
2025-06-19,ERS-122,OBRAS COM IMPACTO NA RODOVIA,"*Km 100 ao 120, da Mecânica Boff em Flores da Cunha ao Ciconetto Implementos em Antônio Prado, pare e siga para manutenção do sistema de drenagem e manutenção da faixa de domínio;"
2025-06-19,ERS-122,OBRAS COM IMPACTO NA RODOVIA,"*Km 124, próximo a Viprado em Antônio Prado, estreitamento de pista para limpeza de queda de barreira;"
2025-06-19,ERS-122,OBRAS COM IMPACTO NA RODOVIA,"*Km 127, próximo a Mecânica Ouro Diesel em Antônio Prado, estreitamento de pista para conformação de terreno e concretagem;"
2025-06-19,ERS-122,OBRAS COM IMPACTO NA RODOVIA,"*Km 149, próximo ao Posto Porteirinha em Ipê, pare e siga para reconstrução de canaleta;"
2025-06-19,ERS-122,OBRAS COM IMPACTO NA RODOVIA,"*Km 155, próximo ao posto Kamboim em Campestre da Serra, pare e siga para reparo em guarda corpo;"
2025-06-19,ERS-122,OBRAS SEM IMPACTO NO TRAFEGO,"*Km 08 ao 50, do Vale do Caí Acessórios em São Sebastião do Caí ao trevo de Alto Feliz em Farroupilha, serviços gerais da conserva e manutenção do sistema de drenagem e da faixa de domínio;"
2025-06-19,ERS-122,OBRAS SEM IMPACTO NO TRAFEGO,"*Km 63 ao 65, próximo ao Gardens Motel em Caxias do Sul, manutenção do sistema de drenagem;"
2025-06-19,ERS-122,OBRAS SEM IMPACTO NO TRAFEGO,"*Km 69 ao 168, do trevo de contorno de Caxias do Sul ao trevo de acesso a BR-116 em Campestre da Serra, manutenção da faixa de domínio, sistema de drenagem e sinalização e serviços gerais da conserva;"
2025-06-20,ERS-446,OBRAS SEM IMPACTO NO TRAFEGO,"*km 00 ao 14, do Viaduto sobre a ERS-122 em São Vendelino ao trevo de acesso a Carlos Barbosa, limpeza da faixa de domínio;"
2025-06-20,RSC-287,OBRAS SEM IMPACTO NO TRAFEGO,"*Km 15 ao 21, da Tenda do Dani ao trevo de Triunfo, serviços gerais da conserva;"
2025-06-20,RSC-453,OBRAS SEM IMPACTO NO TRAFEGO,"*Km 119 ao 121, próximo ao entroncamento com a ERS-122 em Farroupilha, instalação de meios fios, manutenção de sinalização e faixa de domínio;"
2025-06-20,ERS-240,OBRAS COM IMPACTO NO TRAFEGO,"*Km 09 ao 10, próximo ao posto Sim Portão, estreitamento de pista pintura;"
2025-06-20,ERS-240,OBRAS COM IMPACTO NO TRAFEGO,"*Km 23 ao 26, do Viveiro Kelsh ao Viveiro do Luiz em Capela de Santana, pare e siga para manutenção de talude;"
2025-06-20,ERS-240,OBRAS SEM IMPACTO NO TRAFEGO,"*Km 00 ao 14, do viaduto da Scharlau em São Leopoldo ao Hotel De Stefani em Portão, manutenção da faixa de domínio e serviços gerais da conserva;"
2025-06-20,ERS-240,OBRAS SEM IMPACTO NO TRAFEGO,"*Km 24, próximo ao Juliano Floricultura em Capela de Santana, instalação de tubulação;"
2025-06-20,ERS-122,OBRAS COM IMPACTO NA RODOVIA,"*Km 06 ao 10, do Ferro velho CDV ao GM Car em São Sebastião do Caí, estreitamento de pista para pintura;"
2025-06-20,ERS-122,OBRAS COM IMPACTO NA RODOVIA,"*Km 30 ao 39, da Tenda Bom Princípio ao refúgio em São Vendelino pare e siga para reparo localizado, manutenção do sistema de drenagem e instalação de gabarito e concretagem;"
2025-06-20,ERS-122,OBRAS COM IMPACTO NA RODOVIA,"*Km 42 ao 60, do pequeno refúgio em curva em Carlos Barbosa à Soprano em Farroupilha, pare e siga e estreitamento de pista para manutenção da faixa de domínio, pintura, reparo localizado, conformação de terreno e instalação de gabarito;"
2025-06-20,ERS-122,OBRAS COM IMPACTO NA RODOVIA,"*Km 100 ao 115, da Mecânica Boff em Flores da Cunha ao restaurante do Zeca em Antônio Prado, pare e siga para manutenção do sistema de drenagem e manutenção da faixa de domínio;"
2025-06-20,ERS-122,OBRAS COM IMPACTO NA RODOVIA,"*Km 127, próximo a Mecânica Ouro Diesel em Antônio Prado, estreitamento de pista para conformação de terreno e concretagem;"
2025-06-20,ERS-122,OBRAS COM IMPACTO NA RODOVIA,"*Km 149, próximo ao Posto Porteirinha em Ipê, pare e siga para reconstrução de canaleta;"
2025-06-20,ERS-122,OBRAS SEM IMPACTO NO TRAFEGO,"*Km 00 ao 15, do posto da PRE em Portão a entrada principal de São Sebastião do Caí, para manutenção da faixa de domínio;"
2025-06-20,ERS-122,OBRAS SEM IMPACTO NO TRAFEGO,"*Km 39 ao 50, do refúgio em curva em Carlos Barbosa ao Trevo de Alto Feliz em Farroupilha, manutenção da faixa de domínio;"
2025-06-20,ERS-122,OBRAS SEM IMPACTO NO TRAFEGO,"*Km 69 ao 168, do trevo de contorno de Caxias do Sul ao trevo de acesso a Campestre da Serra, para serviços gerais da conserva, manutenção do sistema de drenagem e faixa de domínio;"
2025-06-25,ERS-446,OBRAS COM IMPACTO NO TRAFEGO,"*Km 00 ao 12, do viaduto sobre a ERS-122 em São Vendelino a Ponte em Carlos Barbosa, pare e siga para manutenção da faixa de domínio e manutenção de meios fios;"
2025-06-25,ERS-446,OBRAS SEM IMPACTO NO TRAFEGO,"*km 00 ao 14, do Viaduto sobre a ERS-122 em São Vendelino ao trevo de acesso a Carlos Barbosa, manutenção do sistema de drenagem;"
2025-06-25,BRS-470,OBRAS SEM IMPACTO NO TRAFEGO,"*Km 220 ao 233, do Trevo de Santa Tereza em Bento Gonçalves ao trevo de acesso a Montenegro em Carlos Barbosa, manutenção da faixa de domínio;"
2025-06-25,RSC-287,OBRAS SEM IMPACTO NO TRAFEGO,"*Km 00 ao 07, do trevo de Montenegro ao antigo Frigonal, serviços gerais da conserva;"
2025-06-25,RSC-453,OBRAS COM IMPACTO NO TRAFEGO,"*Km 120, próximo ao Trevo de Farroupilha, estreitamento de pista para manutenção de iluminação;"
2025-06-25,RSC-453,OBRAS SEM IMPACTO NO TRAFEGO,"*Km 108, próximo a entrada de São Marcos em Farroupilha, manutenção do sistema de drenagem;"
2025-06-25,ERS-240,OBRAS COM IMPACTO NO TRAFEGO,"*Km 23 ao 26, do Viveiro Kelsh ao Viveiro do Luiz em Capela de Santana, pare e siga para manutenção de talude;"
2025-06-25,ERS-240,OBRAS SEM IMPACTO NO TRAFEGO,"*Km 00 ao 04, do viaduto da Scharlau a Churrascaria Modelo em São Leopoldo, manutenção da faixa de domínio;"
2025-06-25,ERS-240,OBRAS SEM IMPACTO NO TRAFEGO,"*Km 31 ao 33, do Posto Paradouro ao trevo de Montenegro, serviços gerais da conserva;"
2025-06-25,ERS-122,OBRAS COM IMPACTO NO TRAFEGO,"*Km 06 ao 10, do Ferro velho CDV ao GM Car em São Sebastião do Caí, estreitamento de pista para pintura;"
2025-06-25,ERS-122,OBRAS COM IMPACTO NO TRAFEGO,"*Km 16 ao 20, do posto Gambino em São Sebastião do Caí ao Finkler em Bom Princípio, estreitamento de pista para fresagem e recomposição;"
2025-06-25,ERS-122,OBRAS COM IMPACTO NO TRAFEGO,"*Km 30 ao 32, da Tenda Bom Princípio ao Casarão 122, estreitamento de pista para instalação de gabarito e concretagem e pintura de sinalização;"
2025-06-25,ERS-122,OBRAS COM IMPACTO NO TRAFEGO,"*Km 40 ao 51, do pequeno refúgio em São Vendelino ao Trevo de Alto Feliz em Farroupilha, pare e siga e estreitamento de pista para pintura, reparo localizado, conformação de terreno e concretagem;"
2025-06-25,ERS-122,OBRAS COM IMPACTO NO TRAFEGO,"*Km 55 ao 60, do Posto Vila Nova ao Restaurante Beija Flore em Farroupilha, estreitamento de pista para pintura;"
2025-06-25,ERS-122,OBRAS COM IMPACTO NO TRAFEGO,"*Km 83, próximo a Linha 40 em Caxias do Sul, pare e siga para reparo em guarda-corpo;"
2025-06-25,ERS-122,OBRAS COM IMPACTO NO TRAFEGO,"*Km 127, próximo a Mecânica Ouro Diesel em Antônio Prado, estreitamento de pista para conformação de terreno e concretagem;"
2025-06-25,ERS-122,OBRAS COM IMPACTO NO TRAFEGO,"*Km 149 ao 160, do Posto Porteirinha em Ipê a Tenda do Beleza em Campestre da Serra, pare e siga para reconstrução de canaleta, manutenção do sistema de drenagem e reparo em guarda corpo;"
2025-06-25,ERS-122,OBRAS SEM IMPACTO NO TRAFEGO,"*Km 00 ao 21, do posto da PRE em Portão a entrada principal de São Sebastião do Caí, para manutenção da faixa de domínio;"
2025-06-25,ERS-122,OBRAS SEM IMPACTO NO TRAFEGO,"*Km 25 ao 36, do Posto Alles ao Posto Gambino em Bom Princípio, serviços gerais da conserva e aferição de radar;"
2025-06-25,ERS-122,OBRAS SEM IMPACTO NO TRAFEGO,"*Km 60 ao 168, do Restaurante Beija Flor em Farroupilha ao trevo de acesso a Campestre da Serra, para serviços gerais da conserva, manutenção de sinalização, do sistema de drenagem e faixa de domínio;"
2025-06-26,ERS-446,OBRAS COM IMPACTO NO TRAFEGO,"*Km 00 ao 12, do viaduto sobre a ERS-122 em São Vendelino a Ponte em Carlos Barbosa, pare e siga para manutenção da faixa de domínio e manutenção de meios fios;"
2025-06-26,ERS-446,OBRAS SEM IMPACTO NO TRAFEGO,"*km 00 ao 14, do Viaduto sobre a ERS-122 em São Vendelino ao trevo de acesso a Carlos Barbosa, manutenção do sistema de drenagem;"
2025-06-26,BRS-470,OBRAS SEM IMPACTO NO TRAFEGO,"*Km 220 ao 233, do Trevo de Santa Tereza em Bento Gonçalves ao trevo de acesso a Montenegro em Carlos Barbosa, manutenção da faixa de domínio;"
2025-06-26,RSC-287,OBRAS SEM IMPACTO NO TRAFEGO,"*Km 00 ao 07, do trevo de Montenegro ao antigo Frigonal, serviços gerais da conserva;"
2025-06-26,RSC-453,OBRAS COM IMPACTO NO TRAFEGO,"*Km 120, próximo ao Trevo de Farroupilha, estreitamento de pista para manutenção de iluminação;"
2025-06-26,RSC-453,OBRAS SEM IMPACTO NO TRAFEGO,"*Km 108, próximo a entrada de São Marcos em Farroupilha, manutenção do sistema de drenagem;"
2025-06-26,ERS-240,OBRAS COM IMPACTO NO TRAFEGO,"*Km 23 ao 26, do Viveiro Kelsh ao Viveiro do Luiz em Capela de Santana, pare e siga para manutenção de talude;"
2025-06-26,ERS-240,OBRAS SEM IMPACTO NO TRAFEGO,"*Km 00 ao 04, do viaduto da Scharlau a Churrascaria Modelo em São Leopoldo, manutenção da faixa de domínio;"
2025-06-26,ERS-240,OBRAS SEM IMPACTO NO TRAFEGO,"*Km 31 ao 33, do Posto Paradouro ao trevo de Montenegro, serviços gerais da conserva;"
2025-06-26,ERS-122,OBRAS COM IMPACTO NO TRAFEGO,"*Km 06 ao 10, do Ferro velho CDV ao GM Car em São Sebastião do Caí, estreitamento de pista para pintura;"
2025-06-26,ERS-122,OBRAS COM IMPACTO NO TRAFEGO,"*Km 16 ao 20, do posto Gambino em São Sebastião do Caí ao Finkler em Bom Princípio, estreitamento de pista para fresagem e recomposição;"
2025-06-26,ERS-122,OBRAS COM IMPACTO NO TRAFEGO,"*Km 30 ao 32, da Tenda Bom Princípio ao Casarão 122, estreitamento de pista para instalação de gabarito e concretagem e pintura de sinalização;"
2025-06-26,ERS-122,OBRAS COM IMPACTO NO TRAFEGO,"*Km 40 ao 51, do pequeno refúgio em São Vendelino ao Trevo de Alto Feliz em Farroupilha, pare e siga e estreitamento de pista para pintura, reparo localizado, conformação de terreno e concretagem;"
2025-06-26,ERS-122,OBRAS COM IMPACTO NO TRAFEGO,"*Km 55 ao 60, do Posto Vila Nova ao Restaurante Beija Flore em Farroupilha, estreitamento de pista para pintura;"
2025-06-26,ERS-122,OBRAS COM IMPACTO NO TRAFEGO,"*Km 83, próximo a Linha 40 em Caxias do Sul, pare e siga para reparo em guarda-corpo;"
2025-06-26,ERS-122,OBRAS COM IMPACTO NO TRAFEGO,"*Km 127, próximo a Mecânica Ouro Diesel em Antônio Prado, estreitamento de pista para conformação de terreno e concretagem;"
2025-06-26,ERS-122,OBRAS COM IMPACTO NO TRAFEGO,"*Km 149 ao 160, do Posto Porteirinha em Ipê a Tenda do Beleza em Campestre da Serra, pare e siga para reconstrução de canaleta, manutenção do sistema de drenagem e reparo em guarda corpo;"
2025-06-26,ERS-122,OBRAS SEM IMPACTO NO TRAFEGO,"*Km 00 ao 21, do posto da PRE em Portão a entrada principal de São Sebastião do Caí, para manutenção da faixa de domínio;"
2025-06-26,ERS-122,OBRAS SEM IMPACTO NO TRAFEGO,"*Km 25 ao 36, do Posto Alles ao Posto Gambino em Bom Princípio, serviços gerais da conserva e aferição de radar;"
2025-06-26,ERS-122,OBRAS SEM IMPACTO NO TRAFEGO,"*Km 60 ao 168, do Restaurante Beija Flor em Farroupilha ao trevo de acesso a Campestre da Serra, para serviços gerais da conserva, manutenção de sinalização, do sistema de drenagem e faixa de domínio;"
2025-06-27,ERS-446,OBRAS COM IMPACTO NO TRAFEGO,"*Km 12, próximo a Ponte em Carlos Barbosa, pare e siga para manutenção da faixa de domínio;"
2025-06-27,RSC-287,OBRAS COM IMPACTO NO TRAFEGO,"*Km 07 ao 08, próximo ao antigo Frigonal em Montenegro, pare e siga para aferição de radar e manutenção do sistema de drenagem;"
2025-06-27,RSC-287,OBRAS SEM IMPACTO NO TRAFEGO,"*km 00 ao 14, do Viaduto sobre a ERS-122 em São Vendelino ao trevo de acesso a Carlos Barbosa, manutenção da faixa de domínio e sistema de drenagem;."
2025-06-27,BRS-470,OBRAS COM IMPACTO NO TRAFEGO,"*Km 231 ao 233, próximo a Tramontina em Carlos Barbosa, fechamento de faixa para manutenção da faixa de domínio;"
2025-06-27,BRS-470,OBRAS SEM IMPACTO NO TRAFEGO,"*Km 220 ao 233, do Trevo de Santa Tereza em Bento Gonçalves ao trevo de acesso a Montenegro em Carlos Barbosa, manutenção da faixa de domínio e sistema de drenagem;"
2025-06-27,RSC-287,OBRAS SEM IMPACTO NO TRAFEGO,"*Km 06 ao 21, do Zimmer Express em Montenegro ao trevo de Triunfo, serviços gerais da conserva e manutenção da faixa de domínio;"
2025-06-27,RSC-453,OBRAS COM IMPACTO NO TRAFEGO,"*Km 120, próximo ao Trevo de Farroupilha, estreitamento de pista para instalação de meios fios;"
2025-06-27,RSC-453,OBRAS SEM IMPACTO NO TRAFEGO,"*Km 101 ao 121, do trevo de entroncamento com a BRS-470 em Garibaldi ao entroncamento com a ERS-122 em Farroupilha. manutenção da faixa de domínio e sistema de drenagem;"
2025-06-27,ERS-240,OBRAS COM IMPACTO NO TRAFEGO,"*Km 02, próximo a Belplast em São Leopoldo, pare e siga para aferição de radar;"
2025-06-27,ERS-240,OBRAS COM IMPACTO NO TRAFEGO,"*Km 14, próximo ao posto Shell Portão, pare e siga para aferição de radar;"
2025-06-27,ERS-240,OBRAS COM IMPACTO NO TRAFEGO,"*Km 22, próximo ao campo de futebol em Capela de Santana, pare e siga para aferição de radar;"
2025-06-27,ERS-240,OBRAS SEM IMPACTO NO TRAFEGO,"*Km 00 ao 14, do viaduto da Scharlau ao Posto Schell Portão, serviços gerais da conserva, instalação de meios fios e manutenção da faixa de domínio;"
2025-06-27,ERS-122,OBRAS COM IMPACTO NO TRAFEGO,"*Km 09 ao 10, próximo ao GM Car em São Sebastião do Caí, estreitamento de pista para pintura;"
2025-06-27,ERS-122,OBRAS COM IMPACTO NO TRAFEGO,"*Km 15 ao 20, da entrada principal de São Sebastião do Caí ao Finkler em Bom Princípio, estreitamento de pista para pintura de sinalização e fresagem e recomposição;"
2025-06-27,ERS-122,OBRAS COM IMPACTO NO TRAFEGO,"*Km 36 ao 38, próximo ao Posto Gambino em Bom Princípio, estreitamento de pista para manutenção do sistema de drenagem;"
2025-06-27,ERS-122,OBRAS COM IMPACTO NO TRAFEGO,"*Km 40 ao 70, do pequeno refúgio em São Vendelino ao posto Squizzato em Caxias do Sul, pare e siga e estreitamento de pista para pintura, reparo localizado, instalação de meios fios e implantação de defensa metálica;"
2025-06-27,ERS-122,OBRAS COM IMPACTO NO TRAFEGO,"*Km 127, próximo a Mecânica Ouro Diesel em Antônio Prado, estreitamento de pista para conformação de terreno e concretagem;"
2025-06-27,ERS-122,OBRAS COM IMPACTO NO TRAFEGO,"*Km 149 ao 160, do Sair Kana em Ipê a Tenda do Beleza em Campestre da Serra, pare e siga para reconstrução de canaleta e manutenção do sistema de drenagem;"
2025-06-27,ERS-122,OBRAS SEM IMPACTO NO TRAFEGO,"*Km 00 ao 03, do posto da PRE ao em Portão à Floricultura das Plantas, manutenção da faixa de domínio;"
2025-06-27,ERS-122,OBRAS SEM IMPACTO NO TRAFEGO,"*Km 12 ao 24, do acesso ao Vale do Caí ao Reinehr Móveis em Bom Princípio , manutenção da faixa de domínio e sistema de drenagem;"
2025-06-27,ERS-122,OBRAS SEM IMPACTO NO TRAFEGO,"*Km 39 ao 168, do refúgio em São Vendelino ao trevo de acesso a Campestre da Serra, para serviços gerais da conserva, manutenção de sinalização, do sistema de drenagem e faixa de domínio;"
2025-06-28,ERS-446,OBRAS COM IMPACTO NO TRAFEGO,"*Km 12, próximo a Ponte em Carlos Barbosa, pare e siga para manutenção da faixa de domínio;"
2025-06-28,RSC-287,OBRAS COM IMPACTO NO TRAFEGO,"*Km 07 ao 08, próximo ao antigo Frigonal em Montenegro, pare e siga para aferição de radar e manutenção do sistema de drenagem;"
2025-06-28,RSC-287,OBRAS SEM IMPACTO NO TRAFEGO,"*km 00 ao 14, do Viaduto sobre a ERS-122 em São Vendelino ao trevo de acesso a Carlos Barbosa, manutenção da faixa de domínio e sistema de drenagem;."
2025-06-28,BRS-470,OBRAS COM IMPACTO NO TRAFEGO,"*Km 231 ao 233, próximo a Tramontina em Carlos Barbosa, fechamento de faixa para manutenção da faixa de domínio;"
2025-06-28,BRS-470,OBRAS SEM IMPACTO NO TRAFEGO,"*Km 220 ao 233, do Trevo de Santa Tereza em Bento Gonçalves ao trevo de acesso a Montenegro em Carlos Barbosa, manutenção da faixa de domínio e sistema de drenagem;"
2025-06-28,RSC-287,OBRAS SEM IMPACTO NO TRAFEGO,"*Km 06 ao 21, do Zimmer Express em Montenegro ao trevo de Triunfo, serviços gerais da conserva e manutenção da faixa de domínio;"
2025-06-28,RSC-453,OBRAS COM IMPACTO NO TRAFEGO,"*Km 120, próximo ao Trevo de Farroupilha, estreitamento de pista para instalação de meios fios;"
2025-06-28,RSC-453,OBRAS SEM IMPACTO NO TRAFEGO,"*Km 101 ao 121, do trevo de entroncamento com a BRS-470 em Garibaldi ao entroncamento com a ERS-122 em Farroupilha. manutenção da faixa de domínio e sistema de drenagem;"
2025-06-28,ERS-240,OBRAS COM IMPACTO NO TRAFEGO,"*Km 02, próximo a Belplast em São Leopoldo, pare e siga para aferição de radar;"
2025-06-28,ERS-240,OBRAS COM IMPACTO NO TRAFEGO,"*Km 14, próximo ao posto Shell Portão, pare e siga para aferição de radar;"
2025-06-28,ERS-240,OBRAS COM IMPACTO NO TRAFEGO,"*Km 22, próximo ao campo de futebol em Capela de Santana, pare e siga para aferição de radar;"
2025-06-28,ERS-240,OBRAS SEM IMPACTO NO TRAFEGO,"*Km 00 ao 14, do viaduto da Scharlau ao Posto Schell Portão, serviços gerais da conserva, instalação de meios fios e manutenção da faixa de domínio;"
2025-06-28,ERS-122,OBRAS COM IMPACTO NO TRAFEGO,"*Km 09 ao 10, próximo ao GM Car em São Sebastião do Caí, estreitamento de pista para pintura;"
2025-06-28,ERS-122,OBRAS COM IMPACTO NO TRAFEGO,"*Km 15 ao 20, da entrada principal de São Sebastião do Caí ao Finkler em Bom Princípio, estreitamento de pista para pintura de sinalização e fresagem e recomposição;"
2025-06-28,ERS-122,OBRAS COM IMPACTO NO TRAFEGO,"*Km 36 ao 38, próximo ao Posto Gambino em Bom Princípio, estreitamento de pista para manutenção do sistema de drenagem;"
2025-06-28,ERS-122,OBRAS COM IMPACTO NO TRAFEGO,"*Km 40 ao 70, do pequeno refúgio em São Vendelino ao posto Squizzato em Caxias do Sul, pare e siga e estreitamento de pista para pintura, reparo localizado, instalação de meios fios e implantação de defensa metálica;"
2025-06-28,ERS-122,OBRAS COM IMPACTO NO TRAFEGO,"*Km 127, próximo a Mecânica Ouro Diesel em Antônio Prado, estreitamento de pista para conformação de terreno e concretagem;"
2025-06-28,ERS-122,OBRAS COM IMPACTO NO TRAFEGO,"*Km 149 ao 160, do Sair Kana em Ipê a Tenda do Beleza em Campestre da Serra, pare e siga para reconstrução de canaleta e manutenção do sistema de drenagem;"
2025-06-28,ERS-122,OBRAS SEM IMPACTO NO TRAFEGO,"*Km 00 ao 03, do posto da PRE ao em Portão à Floricultura das Plantas, manutenção da faixa de domínio;"
2025-06-28,ERS-122,OBRAS SEM IMPACTO NO TRAFEGO,"*Km 12 ao 24, do acesso ao Vale do Caí ao Reinehr Móveis em Bom Princípio , manutenção da faixa de domínio e sistema de drenagem;"
2025-06-28,ERS-122,OBRAS SEM IMPACTO NO TRAFEGO,"*Km 39 ao 168, do refúgio em São Vendelino ao trevo de acesso a Campestre da Serra, para serviços gerais da conserva, manutenção de sinalização, do sistema de drenagem e faixa de domínio;"
2025-06-29,ERS-446,OBRAS COM IMPACTO NO TRAFEGO,"*Km 13 ao 15, próximo a Ponte em Carlos Barbosa, estreitamento de pista para pintura de sinalização;"
2025-06-29,BRS-470,OBRAS SEM IMPACTO NO TRAFEGO,"*Km 225 ao 227, da Concresul ao Speranza Caminhões em Garibaldi, estreitamento de pista para pintura de sinalização;"
2025-06-29,RSC-287,OBRAS SEM IMPACTO NO TRAFEGO,"*Km 00 ao 21, do trevo de Montenegro ao trevo de Triunfo, manutenção de sinalização e pavimento;"
2025-06-29,RSC-453,OBRAS COM IMPACTO NO TRAFEGO,"*Km 109 ao 121, da Banca de Frutas ao trevo de entroncamento com a ERS-122 em Farroupilha, pare e siga e estreitamento de pista para construção de base para equipamentos, reparos localizados e manutenção de meios fios;"
2025-06-29,ERS-240,OBRAS SEM IMPACTO NO TRAFEGO,"*Km 00 ao 33, do viaduto da Scharlau ao trevo de Montenegro, instalação de meios fios e manutenção da faixa de domínio e pavimento;"
2025-06-29,ERS-122,OBRAS COM IMPACTO NO TRAFEGO,"*Km 04 ao 05, próximo a HM Mecânica em São Sebastião do Cai, estreitamento de pista para conformação de terreno;"
2025-06-29,ERS-122,OBRAS COM IMPACTO NO TRAFEGO,"*Km 18 ao 20, da Dezmaq ao Finkler em Bom Princípio, estreitamento de pista para fresagem e recomposição;"
2025-06-29,ERS-122,OBRAS COM IMPACTO NO TRAFEGO,"*Km 66 ao 68, próximo a Mecasul em Caxias do Sul, estreitamento de pista para construção de base para equipamento e manutenção da faixa de domínio;"
2025-06-29,ERS-122,OBRAS COM IMPACTO NO TRAFEGO,"*Km 110, próximo a Tenda Zulian em Antônio Prado, estreitamento de pista para manutenção em new Jersey;"
2025-06-29,ERS-122,OBRAS COM IMPACTO NO TRAFEGO,"*Km 127, próximo a Mecânica Ouro Diesel em Antônio Prado, estreitamento de pista para conformação de terreno e concretagem;"
2025-06-29,ERS-122,OBRAS SEM IMPACTO NO TRAFEGO,"*Km 00 ao 39, do posto da PRE em Portão ao refúgio em São Vendelino, instalação de meios fios, manutenção de sinalização e sistema de drenagem;"
2025-06-29,ERS-122,OBRAS SEM IMPACTO NO TRAFEGO,"*Km 58 ao 62, manutenção em meios fios;"
2025-06-30,ERS-446,OBRAS COM IMPACTO NO TRAFEGO,"*Km 00 ao 14, do viaduto sobre a ERS-122 em São Vendelino ao trevo de acesso a Carlos Barbosa, pare e siga e estreitamento de pista para manutenção da faixa de domínio e reparos localizados;"
2025-06-30,ERS-446,OBRAS SEM IMPACTO NO TRAFEGO,"*Km 00 ao 14, , do viaduto sobre a ERS-122 em São Vendelino ao trevo de acesso a Carlos Barbosa manutenção do sistema de drenagem;"
2025-06-30,BRS-470,OBRAS COM IMPACTO NO TRAFEGO,"*km 220 ao 233, do Trevo Santa Tereza em Bento Gonçalves ao trevo de acesso a Montenegro em Carlos Barbosa, estreitamento de pista para reparo localizado;"
2025-06-30,RSC-287,OBRAS SEM IMPACTO NO TRAFEGO,"*Km 08, próximo ao Frigonal, pare e siga para aferição de radar;"
2025-06-30,RSC-287,OBRAS SEM IMPACTO NO TRAFEGO,"*Km 08 ao 12, do Antigo Frigonal a Floricultura Santa Bárbara em Montenegro, manutenção da faixa de domínio;"
2025-06-30,RSC-453,OBRAS COM IMPACTO NO TRAFEGO,"*Km 101 ao 121, do trevo de entroncamento com a BRS-470 em Garibaldi ao entroncamento com a ERS-122 em Farroupilha, estreitamento de pista para reparo localizado;"
2025-06-30,RSC-453,OBRAS SEM IMPACTO NO TRAFEGO,"*Km 110 ao 121, do Sapore Lanches ao trevo de entroncamento ccom a ERS-122 em Farroupilha, manutenção de faixa de domínio, sinalização e meios fios;"
2025-06-30,ERS-240,OBRAS COM IMPACTO NO TRAFEGO,"*Km 14, próximo ao posto Shell Portão, pare e siga para aferição de radar;"
2025-06-30,ERS-240,OBRAS COM IMPACTO NO TRAFEGO,"*Km 22, próximo ao Campo de Futebol em Capela de Santana, pare e siga para aferição de radar;"
2025-06-30,ERS-122,OBRAS COM IMPACTO NO TRAFEGO,"*Km 04, próximo a Floricultura Modelo em São Sebastião do Caí, estreitamento de pista para conformação de terreno e concretagem de canaleta;"
2025-06-30,ERS-122,OBRAS COM IMPACTO NO TRAFEGO,"*Km 20 ao 30, do Finkler a Tenda Bom Princípio, estreitamento de pista para concretagem de canaleta, fresagem e recomposição e pintura de sinalização;"
2025-06-30,ERS-122,OBRAS COM IMPACTO NO TRAFEGO,"*Km 39 ao 60, do refugio em curva em São Vendelino ao Restaurante Beija Flor em Farroupilha, estreitamento de pista e pare e siga para manutenção de pavimento, faixa de domínio e pintura;"
2025-06-30,ERS-122,OBRAS COM IMPACTO NO TRAFEGO,"*Km 110, próximo a tenda Zulian em Antônio Prado, estreitamento de pista para manutenção em New Jersey;"
2025-06-30,ERS-122,OBRAS COM IMPACTO NO TRAFEGO,"*Km 127, próximo a Mecânica Ouro Diesel em Antônio Prado, estreitamento de pista para conformação de terreno e concretagem;"
2025-06-30,ERS-122,OBRAS COM IMPACTO NO TRAFEGO,"*Km 149, próximo ao Posto Porteirinha em Ipê, estreitamento de pista para reconstrução de canaleta;"
2025-06-30,ERS-122,OBRAS SEM IMPACTO NO TRAFEGO,"*Km 00 ao 168, do posto da PRE em Portão ao trevo de acesso a BR-116 em Campestre da Serra, instalação de meios fios, manutenção de faixa de domínio e sistema de drenagem e serviços gerais da conserva;"
2025-07-01,ERS-446,OBRAS COM IMPACTO NO TRAFEGO,"*Km 12, próximo a ponte, pare e siga para manutenção da faixa de domínio;"
2025-07-01,ERS-446,OBRAS SEM IMPACTO NO TRAFEGO,"*Km 00 ao 14, do viaduto sobre a ERS-122 em São Vendelino ao trevo de acesso a Carlos Barbosa manutenção do sistema de drenagem;"
2025-07-01,BRS-470,OBRAS SEM IMPACTO NO TRAFEGO,"*Km 222 ao 223, próximo a Brasdiesel em Garibaldi, manutenção de sinalização;"
2025-07-01,RSC-287,OBRAS SEM IMPACTO NO TRAFEGO,"*Km 08 ao 12, do Antigo Frigonal a Floricultura Santa Bárbara em Montenegro, manutenção da faixa de domínio;"
2025-07-01,RSC-453,OBRAS SEM IMPACTO NO TRAFEGO,"*Km 110 ao 121, do Sapore Lanches ao trevo de entroncamento ccom a ERS-122 em Farroupilha, manutenção de faixa de domínio, sinalização e meios fios;"
2025-07-01,ERS-240,OBRAS SEM IMPACTO NO TRAFEGO,"*Km 01 ao 02, próximo a Borracharia Spoliar em São Leopoldo, aferição de radar;"
2025-07-01,ERS-240,OBRAS SEM IMPACTO NO TRAFEGO,"*Km 06 ao 09, da Casa das Cucas Maurer ao Posto SIM Portão, manutenção da faixa de domínio;"
2025-07-01,ERS-122,OBRAS COM IMPACTO NO TRAFEGO,"*Km 04, próximo a Floricultura Modelo em São Sebastião do Caí, estreitamento de pista para conformação de terreno e concretagem de canaleta;"
2025-07-01,ERS-122,OBRAS COM IMPACTO NO TRAFEGO,"*Km 06, próximo ao Ferro Velho CDV em São Sebastião do Caí, desvio de faixa para aferição de radar;"
2025-07-01,ERS-122,OBRAS COM IMPACTO NO TRAFEGO,"*Km 09 ao 24, do Librelato m São Sebastião do Caí ao Pneus Bom Princípio, estreitamento de pista para pintura de sinalização, manutenção do sistema de drenagem e fresagem e recomposição;"
2025-07-01,ERS-122,OBRAS COM IMPACTO NO TRAFEGO,"*Km 42 ao 50, do refúgio em curva em São Vendelino ao Trevo de Alto Feliz em Farroupilha, pare e siga para reparo localizado e manutenção da faixa de domínio;"
2025-07-01,ERS-122,OBRAS COM IMPACTO NO TRAFEGO,"*Km 55 ao 69, do posto Vila Nova em Farroupilha ao Trevo de contorno de Caxias do Sul, estreitamento de pista para manutenção de meio fio e pintura;"
2025-07-01,ERS-122,OBRAS COM IMPACTO NO TRAFEGO,"*Km 110, próximo a tenda Zulian em Antônio Prado, estreitamento de pista para manutenção em New Jersey;"
2025-07-01,ERS-122,OBRAS COM IMPACTO NO TRAFEGO,"*Km 127, próximo a Mecânica Ouro Diesel em Antônio Prado, estreitamento de pista para conformação de terreno e concretagem;"
2025-07-01,ERS-122,OBRAS COM IMPACTO NO TRAFEGO,"*Km 149, próximo ao Posto Porteirinha em Ipê, estreitamento de pista para reconstrução de canaleta;"
2025-07-01,ERS-122,OBRAS SEM IMPACTO NO TRAFEGO,"*Km 12 ao 37, do acesso ao Vale do Caí ao Betonart em São Vendelino, manutenção da faixa de domínio e serviços gerais da conserva;"
2025-07-01,ERS-122,OBRAS SEM IMPACTO NO TRAFEGO,"*Km 38 ao 40, próximo ao viaduto de acesso a São Vendelino, manutenção de sinalização;"
2025-07-01,ERS-122,OBRAS SEM IMPACTO NO TRAFEGO,"*Km 58 ao 62, próximo ao trevo de Farroupilha, manutenção de meios fios;"
2025-07-01,ERS-122,OBRAS SEM IMPACTO NO TRAFEGO,"*Km 69 ao 168, do trevo de contorno de Caxias do Sul ao trevo de acesso a BR-116 em Campestre da Serra, manutenção de faixa de domínio e sistema de drenagem e serviços gerais da conserva;"
2025-07-02,ERS-446,OBRAS SEM IMPACTO NO TRAFEGO,"*Km 00 ao 14, do viaduto sobre a ERS-122 em São Vendelino ao trevo de acesso a Carlos Barbosa manutenção da faixa de domínio;"
2025-07-02,BRS-470,OBRAS SEM IMPACTO NO TRAFEGO,"*Km 222 ao 224, próximo a Brasdiesel em Garibaldi, manutenção de sinalização;"
2025-07-02,RSC-287,OBRAS SEM IMPACTO NO TRAFEGO,"*Km 00 ao 21, do trevo de Montenegro ao trevo de Triunfo, manutenção da faixa de domínio e serviços gerais da conserva;"
2025-07-02,RSC-453,OBRAS SEM IMPACTO NO TRAFEGO,"*Km 101 ao 110, do trevo de entroncamento com a BRS-470 em Garibaldi ao Sapore Lanches em Farroupilha, manutenção de faixa de domínio;"
2025-07-02,RSC-453,OBRAS SEM IMPACTO NO TRAFEGO,"*Km 121, próximo a Lojas Colombo em Farroupilha, manutenção em meio fio;"
2025-07-02,ERS-240,OBRAS SEM IMPACTO NO TRAFEGO,"*Km 03 ao 07, do Mercobor em São Leopoldo ao Don Zarchita em Portão, manutenção de faixa de domínio;"
2025-07-02,ERS-240,OBRAS SEM IMPACTO NO TRAFEGO,"*Km 12 ao 15, próximo ao posto da PRE em Portão, manutenção da faixa de domínio;"
2025-07-02,ERS-240,OBRAS SEM IMPACTO NO TRAFEGO,"*Km 24, próximo a Casa do Chá em Capela de Santana, manutenção em meio fios;"
2025-07-02,ERS-240,OBRAS SEM IMPACTO NO TRAFEGO,"*Km 31 ao 33, próximo a PRE em Montenegro, serviços gerais da conserva;"
2025-07-02,ERS-122,OBRAS COM IMPACTO NO TRAFEGO,"*Km 04, próximo a Floricultura Modelo em São Sebastião do Caí, estreitamento de pista para conformação de terreno e concretagem de canaleta;"
2025-07-02,ERS-122,OBRAS COM IMPACTO NO TRAFEGO,"*Km 09 ao 39, da LVR Diesel em São Sebastião do Caí ao Viaduto de acesso a São Vendelino, estreitamento de pista para pintura de sinalização, manutenção do sistema de drenagem e fresagem e recomposição;"
2025-07-02,ERS-122,OBRAS COM IMPACTO NO TRAFEGO,"*Km 45 ao 69, do Bar da Janete em Farroupilha ao Trevo de contorno de Caxias do Sul, estreitamento de pista e pare e siga para pintura de sinalização, reparo localizado, restauração de meio fio e manutenção da faixa de domínio;"
2025-07-02,ERS-122,OBRAS COM IMPACTO NO TRAFEGO,"*Km 110, próximo a tenda Zulian em Antônio Prado, estreitamento de pista para manutenção em New Jersey;"
2025-07-02,ERS-122,OBRAS COM IMPACTO NO TRAFEGO,"*Km 127, próximo a Mecânica Ouro Diesel em Antônio Prado, estreitamento de pista para conformação de terreno e concretagem;"
2025-07-02,ERS-122,OBRAS COM IMPACTO NO TRAFEGO,"*Km 149, próximo ao Posto Porteirinha em Ipê, pare e siga para reconstrução de canaleta;"
2025-07-02,ERS-122,OBRAS SEM IMPACTO NO TRAFEGO,"*Km 15 ao 16, próximo ao Klasscar em São Sebastião do Caí, aferição de radar;"
2025-07-02,ERS-122,OBRAS SEM IMPACTO NO TRAFEGO,"*Km 25 ao 39, do Posto Alles em Bom Princípio ao viaduto de acesso a São Vendelino, manutenção da faixa de domínio, aferição de radar e serviços gerais da conserva;"
2025-07-02,ERS-122,OBRAS SEM IMPACTO NO TRAFEGO,"*Km 45 ao 62, do Bar da Janete ao Mantomac em Farroupilha, manutenção de sinalização, meio fios e sistema de drenagem;"
2025-07-02,ERS-122,OBRAS SEM IMPACTO NO TRAFEGO,"*Km 69 ao 168, do trevo de contorno de Caxias do Sul ao trevo de acesso a BR-116 em Campestre da Serra, manutenção de faixa de domínio, sinalização e sistema de drenagem e serviços gerais da conserva;"
2025-07-03,BRS-470,OBRAS SEM IMPACTO NO TRAFEGO,"*Km 220 ao 233, do trevo de Santa Tereza em Bento Gonçalves ao trevo de acesso a Montenegro em Carlos Barboasa, manutenção de sinalização e faixa de domínio;"
2025-07-03,RSC-287,OBRAS COM IMPACTO NO TRAFEGO,"*Km 18 ao 21, do ponto de água ao trevo de Triunfo, pare e siga para fresagem e recomposição;"
2025-07-03,RSC-287,OBRAS SEM IMPACTO NO TRAFEGO,"*Km 07 ao 21, do antigo Frigonal em Montenegro ao trevo de Triunfo, manutenção da faixa de domínio e serviços gerais da conserva;"
2025-07-03,RSC-453,OBRAS SEM IMPACTO NO TRAFEGO,"*Km 110 ao 121, do Sapore Lanches em Farroupilha ao entroncamento com a ERS-122, manutenção de faixa de domínio e meios fios;"
2025-07-03,ERS-240,OBRAS SEM IMPACTO NO TRAFEGO,"*Km 00 ao 08, do viaduto da Scharlau em São Leopoldo ao Salvados Portão em Portão, manutenção de faixa de domínio e serviços gerais da conserva;"
2025-07-03,ERS-240,OBRAS SEM IMPACTO NO TRAFEGO,"*Km 24, próximo a Casa do Chá em Capela de Santana, manutenção em meio fios;"
2025-07-03,ERS-122,OBRAS COM IMPACTO NO TRAFEGO,"*Km 20 ao 36, da Finkler ao posto Gambino em Bom Princípio, estreitamento de pista para pintura de sinalização e conformação de terreno e concretagem;"
2025-07-03,ERS-122,OBRAS COM IMPACTO NO TRAFEGO,"*Km 44 ao 50, do Bar da Janete em Farroupilha ao Trevo de Alto Feliz em Farroupilha, pare e siga para reparo localizado e manutenção da faixa de domínio;"
2025-07-03,ERS-122,OBRAS COM IMPACTO NO TRAFEGO,"*Km 64 ao 69, do posto da PRE em Farroupilha ao Trevo de contorno de Caxias do Sul, estreitamento de pista para restauração de meio fio;"
2025-07-03,ERS-122,OBRAS COM IMPACTO NO TRAFEGO,"*Km 110, próximo a tenda Zulian em Antônio Prado, estreitamento de pista para manutenção em New Jersey;"
2025-07-03,ERS-122,OBRAS COM IMPACTO NO TRAFEGO,"*Km 149, próximo ao Posto Porteirinha em Ipê, pare e siga para reconstrução de canaleta;"
2025-07-03,ERS-122,OBRAS SEM IMPACTO NO TRAFEGO,"*Km 00 ao 45, do Posto da PRE em Portão ao Mantomac em Farroupilha, manutenção da faixa de domínio e sistema de drenagem e serviços gerais da conserva;"
2025-07-03,ERS-122,OBRAS SEM IMPACTO NO TRAFEGO,"*Km 58 ao 168, do acesso a Farroupilha ao trevo de acesso a BR-116 em Campestre da Serra, manutenção de faixa de domínio, meio fio, sinalização e sistema de drenagem e serviços gerais da conserva;"
2025-07-04,ERS-446,OBRAS COM IMPACTO NA RODOVIA,"*Km 11 ao 12, próximo a ponte Arroio Santa Clara, estreitamento de pista para manutenção da faixa de domínio"
2025-07-04,BRS-470,OBRAS SEM IMPACTO NO TRAFEGO,"*Km 222 ao 223, próximo a JML Mecânica Diesel em Garibaldi, manutenção de sinalização;;"
2025-07-04,RSC-287,OBRAS COM IMPACTO NO TRAFEGO,"*Km 18 ao 21, do ponto de água ao trevo de Triunfo, pare e siga para fresagem e recomposição;"
2025-07-04,RSC-287,OBRAS SEM IMPACTO NO TRAFEGO,"*Km 00 ao 21, do trevo de Montenegro ao trevo de Triunfo, manutenção da faixa de domínio e serviços gerais da conserva;"
2025-07-04,RSC-453,OBRAS SEM IMPACTO NO TRAFEGO,"*Km 110 ao 121, do Sapore Lanches em Farroupilha ao entroncamento com a ERS-122, manutenção de sistema de drenagem, sinalização e meios fios;"
2025-07-04,ERS-240,OBRAS SEM IMPACTO NO TRAFEGO,"*Km 03 ao 14, do Mercobor em São Leopoldo ao Leopolymer em Portão, manutenção de faixa de domínio e serviços gerais da conserva;"
2025-07-04,ERS-122,OBRAS COM IMPACTO NO TRAFEGO,"*Km 24 ao 30, do Pneus Bom Princípio a Tenda Bom Princípio, estreitamento de pista para pintura de sinalização;"
2025-07-04,ERS-122,OBRAS COM IMPACTO NO TRAFEGO,"*Km 36, próxima ao posto Gambino em Bom Princípio, estreitamento de pista para concretagem;"
2025-07-04,ERS-122,OBRAS COM IMPACTO NO TRAFEGO,"*Km 43 ao 50, do refúgio em curva em Carlos Barbosa ao Trevo de Alto Feliz em Farroupilha, pare e siga para reparo localizado e fresagem e recomposição;"
2025-07-04,ERS-122,OBRAS COM IMPACTO NO TRAFEGO,"*Km 50 ao 60, do trevo de Alto Feliz à Soprano em Farroupilha, estreitamento de pista para pintura e manutenção da faixa de domínio;"
2025-07-04,ERS-122,OBRAS COM IMPACTO NO TRAFEGO,"*Km 110, próximo a tenda Zulian em Antônio Prado, estreitamento de pista para manutenção em New Jersey;"
2025-07-04,ERS-122,OBRAS COM IMPACTO NO TRAFEGO,"*Km 149, próximo ao Posto Porteirinha em Ipê, pare e siga para reconstrução de canaleta;"
2025-07-04,ERS-122,OBRAS SEM IMPACTO NO TRAFEGO,"*Km 20 ao 24, do Finkler ao Pneus Bom Princípio, fechamento de retorno para manutenção do sistema de drenagem;"
2025-07-04,ERS-122,OBRAS SEM IMPACTO NO TRAFEGO,"*Km 31 ao 89, da Fruteira Zimmer em Bom Princípio ao TKA Cranes em Flores da Cunha, manutenção de meios fios, da faixa de domínio e sistema de drenagem, pintura e limpeza de sinalização;"
2025-07-04,ERS-122,OBRAS SEM IMPACTO NO TRAFEGO,"*Km 96 ao 113, do Restaurante Divino Trevo em Flores da Cunha ao Mirante Km 00 em Antônio Prado, pintura e manutenção da faixa de domínio;"
2025-07-04,ERS-122,OBRAS SEM IMPACTO NO TRAFEGO,"*Km 136 ao 139, do Trevo Capela Santa Bárbara a entrada Capela São Paulo em Ipê, manutenção da faixa de domínio;"
2025-07-04,ERS-122,OBRAS SEM IMPACTO NO TRAFEGO,"*Km 150 ao 160, do Restaurante Sandi em Ipê a Tenda do Beleza em Campestre da Serra, manutenção de placas e sistema de drenagem;"
2025-07-05,ERS-446,OBRAS COM IMPACTO NA RODOVIA,"*Km 11 ao 12, próximo a ponte Arroio Santa Clara, estreitamento de pista para manutenção da faixa de domínio"
2025-07-05,BRS-470,OBRAS SEM IMPACTO NO TRAFEGO,"*Km 222 ao 223, próximo a JML Mecânica Diesel em Garibaldi, manutenção de sinalização;;"
2025-07-05,RSC-287,OBRAS COM IMPACTO NO TRAFEGO,"*Km 18 ao 21, do ponto de água ao trevo de Triunfo, pare e siga para fresagem e recomposição;"
2025-07-05,RSC-287,OBRAS SEM IMPACTO NO TRAFEGO,"*Km 00 ao 21, do trevo de Montenegro ao trevo de Triunfo, manutenção da faixa de domínio e serviços gerais da conserva;"
2025-07-05,RSC-453,OBRAS SEM IMPACTO NO TRAFEGO,"*Km 110 ao 121, do Sapore Lanches em Farroupilha ao entroncamento com a ERS-122, manutenção de sistema de drenagem, sinalização e meios fios;"
2025-07-05,ERS-240,OBRAS SEM IMPACTO NO TRAFEGO,"*Km 03 ao 14, do Mercobor em São Leopoldo ao Leopolymer em Portão, manutenção de faixa de domínio e serviços gerais da conserva;"
2025-07-05,ERS-122,OBRAS COM IMPACTO NO TRAFEGO,"*Km 24 ao 30, do Pneus Bom Princípio a Tenda Bom Princípio, estreitamento de pista para pintura de sinalização;"
2025-07-05,ERS-122,OBRAS COM IMPACTO NO TRAFEGO,"*Km 36, próxima ao posto Gambino em Bom Princípio, estreitamento de pista para concretagem;"
2025-07-05,ERS-122,OBRAS COM IMPACTO NO TRAFEGO,"*Km 43 ao 50, do refúgio em curva em Carlos Barbosa ao Trevo de Alto Feliz em Farroupilha, pare e siga para reparo localizado e fresagem e recomposição;"
2025-07-05,ERS-122,OBRAS COM IMPACTO NO TRAFEGO,"*Km 50 ao 60, do trevo de Alto Feliz à Soprano em Farroupilha, estreitamento de pista para pintura e manutenção da faixa de domínio;"
2025-07-05,ERS-122,OBRAS COM IMPACTO NO TRAFEGO,"*Km 110, próximo a tenda Zulian em Antônio Prado, estreitamento de pista para manutenção em New Jersey;"
2025-07-05,ERS-122,OBRAS COM IMPACTO NO TRAFEGO,"*Km 149, próximo ao Posto Porteirinha em Ipê, pare e siga para reconstrução de canaleta;"
2025-07-05,ERS-122,OBRAS SEM IMPACTO NO TRAFEGO,"*Km 20 ao 24, do Finkler ao Pneus Bom Princípio, fechamento de retorno para manutenção do sistema de drenagem;"
2025-07-05,ERS-122,OBRAS SEM IMPACTO NO TRAFEGO,"*Km 31 ao 89, da Fruteira Zimmer em Bom Princípio ao TKA Cranes em Flores da Cunha, manutenção de meios fios, da faixa de domínio e sistema de drenagem, pintura e limpeza de sinalização;"
2025-07-05,ERS-122,OBRAS SEM IMPACTO NO TRAFEGO,"*Km 96 ao 113, do Restaurante Divino Trevo em Flores da Cunha ao Mirante Km 00 em Antônio Prado, pintura e manutenção da faixa de domínio;"
2025-07-05,ERS-122,OBRAS SEM IMPACTO NO TRAFEGO,"*Km 136 ao 139, do Trevo Capela Santa Bárbara a entrada Capela São Paulo em Ipê, manutenção da faixa de domínio;"
2025-07-05,ERS-122,OBRAS SEM IMPACTO NO TRAFEGO,"*Km 150 ao 160, do Restaurante Sandi em Ipê a Tenda do Beleza em Campestre da Serra, manutenção de placas e sistema de drenagem;"
2025-07-06,RSC-287,OBRAS SEM IMPACTO NO TRAFEGO,"*Km 00 ao 21, do trevo de Montenegro ao trevo de Triunfo, manutenção da faixa de domínio e serviços gerais da conserva;"
2025-07-06,RSC-453,OBRAS COM IMPACTO NO TRAFEGO,"*Km 113 ao 121, do Motel Monza ao entroncamento com a ERS-122 em Farroupilha, estreitamento de pista e pare e siga para pintura, manutenção de drenagem e reparo localizado;"
2025-07-06,RSC-453,OBRAS SEM IMPACTO NO TRAFEGO,"*Km 116, próximo ao Posto Silvestrin em Farroupilha, manutenção de drenagem;"
2025-07-06,RSC-453,OBRAS SEM IMPACTO NO TRAFEGO,"*Km 107 ao 110, do Frutas Capelin a ponte em Farroupilha, pare e siga para pintura;"
2025-07-06,ERS-240,OBRAS SEM IMPACTO NO TRAFEGO,"*Km 00 ao 33, do viaduto da Scharlau em São Leopoldo ao trevo de Montenegro, manutenção da sinalização e pavimento;"
2025-07-06,ERS-122,OBRAS COM IMPACTO NO TRAFEGO,"*Km 05, próximo a LF Thermo Frio em São Sebastião do Caí, estreitamento de pista para conformação de terreno;"
2025-07-06,ERS-122,OBRAS COM IMPACTO NO TRAFEGO,"*Km 50 ao 63, do Trevo de Alto Feliz a Mantomac em Farroupilha, estreitamento de pista para pintura e manutenção do sistema de drenagem;"
2025-07-06,ERS-122,OBRAS COM IMPACTO NO TRAFEGO,"*km 72 ao 74, próximo a Expresso São Miguel em Caxias do Sul, pare e siga para fresagem e recomposição;"
2025-07-06,ERS-122,OBRAS COM IMPACTO NO TRAFEGO,"*Km 110, próximo a tenda Zulian em Antônio Prado, estreitamento de pista para manutenção em New Jersey;"
2025-07-06,ERS-122,OBRAS COM IMPACTO NO TRAFEGO,"*Km 127, próximo a Mecânica Ouro Diesel em Antônio Prado, estreitamento de pista para conformação de terreno;"
2025-07-06,ERS-122,OBRAS SEM IMPACTO NO TRAFEGO,"*Km 00 ao 39, do posto da PRE em Portão ao Viaduto de São Vendelino, manutenção de pavimento e sinalização e instalação de meios fios;"
2025-07-07,ERS-446,OBRAS COM IMPACTO NO TRAFEGO,"*Km 11 ao 12, próximo a Fruteira Santa Clara em Carlos Barbosa, pare e siga para manutenção da faixa de domínio;"
2025-07-07,ERS-446,OBRAS SEM IMPACTO NO TRAFEGO,"*Km 00 ao 10, do viaduto sobre a ERS-122 em São Vendelino a Tenda e Lancheria da Serra em Carlos Barbosa, manutenção da faixa de domínio e sinalização;"
2025-07-07,RSC-287,OBRAS COM IMPACTO NO TRAFEGO,"*Km 00 ao 04, do Trevo de Montenegro ao Beneton Truck Center em Montenegro, pare e siga para pintura;"
2025-07-07,ERS-240,OBRAS SEM IMPACTO NO TRAFEGO,"*Km 05 ao 23, do Atacado São Jorge em Portão ao Viveiro Kelsh em Capela de Santana, serviços gerais da conserva, manutenção da faixa de domínio e sinalização;"
2025-07-07,ERS-122,OBRAS COM IMPACTO NO TRAFEGO,"*Km 05, próximo a LF Thermo Frio em São Sebastião do Caí, estreitamento de pista para conformação de terreno e concretagem;"
2025-07-07,ERS-122,OBRAS COM IMPACTO NO TRAFEGO,"*Km 42 ao 44, próximo ao refúgio em curva em Carlos Barbosa, fechamento de terceira faixa para manutenção da faixa de domínio;"
2025-07-07,ERS-122,OBRAS COM IMPACTO NO TRAFEGO,"*Km 50 ao 60, do Trevo de Alto Feliz a Soprano em Farroupilha, pare e siga e estreitamento de pista para reparo localizado, pintura e manutenção de meios fios;"
2025-07-07,ERS-122,OBRAS COM IMPACTO NO TRAFEGO,"*Km 107 ao 110, da Frutas Capelin em Flores da Cunha a tenda Zulian em Antônio Prado, pare e siga estreitamento de pista para fresagem e recomposição asfáltica e manutenção em New Jersey;"
2025-07-07,ERS-122,OBRAS COM IMPACTO NO TRAFEGO,"*Km 114 ao 116, da Tenda Belvedere ao Restaurante do Zeca em Antônio Prado, estreitamento de pista para manutenção da faixa de domínio;"
2025-07-07,ERS-122,OBRAS COM IMPACTO NO TRAFEGO,"*Km 124 ao 127, da Voler Móveis a Mecânica Ouro Diesel em Antônio Prado, estreitamento de pista para manutenção em talude, conformação de terreno e concretagem;"
2025-07-07,ERS-122,OBRAS SEM IMPACTO NO TRAFEGO,"*Km 00 ao 86, do posto da PRE em Portão ao Posto Andreazza em Flores da Cunha, serviços gerais da conserva, manutenção da faixa de domínio, sistema de drenagem e sinalização e instalação de meios fios;"
2025-07-07,ERS-122,OBRAS SEM IMPACTO NO TRAFEGO,"*Km 101 ao 102, próximo ao Binato Pastore em Flores da Cunha, manutenção do sistema de drenagem;"
2025-07-07,ERS-122,OBRAS SEM IMPACTO NO TRAFEGO,"*Km 109 ao 120, da Banca de Frutas ao Ciconetto Implementos Rodoviários em Antônio Prado, manutenção de sistema de drenagem, sinalização e faixa de domínio;"
2025-07-08,ERS-446,OBRAS COM IMPACTO NO TRAFEGO,"*Km 11 ao 12, próximo a Fruteira Santa Clara em Carlos Barbosa, pare e siga para manutenção da faixa de domínio;"
2025-07-08,ERS-446,OBRAS SEM IMPACTO NO TRAFEGO,"*Km 10 ao 14, da Tenda e Lancheria da Serra ao trevo de acesso a Carlos Barbosa, manutenção da faixa de domínio e sinalização;"
2025-07-08,RSC-287,OBRAS COM IMPACTO NO TRAFEGO,"*Km 00 ao 09, do Trevo de Montenegro ao Atrhol Transportes em Montenegro, pare e siga para pintura;"
2025-07-08,RSC-287,OBRAS SEM IMPACTO NO TRAFEGO,"*Km 00 ao 21, do trevo de Montenegro ao trevo de Triunfo, manutenção da faixa de domínio;"
2025-07-08,RSC-453,OBRAS SEM IMPACTO NO TRAFEGO,"*Km 101 ao 121, do trevo de entroncamento com a BRS-470 em Garibaldi ao entroncamento com a ERS-122 em Farroupilha, manutenção da faixa de domínio;"
2025-07-08,ERS-240,OBRAS SEM IMPACTO NO TRAFEGO,"*Km 02, próximo a Belplast em São Leopoldo, aferição de radar;"
2025-07-08,ERS-240,OBRAS SEM IMPACTO NO TRAFEGO,"*Km 06, próximo a Cristalglass em Portão, aferição de radar;"
2025-07-08,ERS-240,OBRAS SEM IMPACTO NO TRAFEGO,"*Km 16, próximo ao Neni comércio de peças em Portão, aferição de radar;"
2025-07-08,ERS-240,OBRAS SEM IMPACTO NO TRAFEGO,"*Km 25 ao 39, do Juliano Floricultura em Capela de Santana ao trevo de Montenegro, serviços gerais da conserva, manutenção de faixa de domínio e sinalização;"
2025-07-08,ERS-122,OBRAS COM IMPACTO NO TRAFEGO,"*Km 04, próximo a LF Thermo Frio em São Sebastião do Caí, estreitamento de pista para conformação de terreno e concretagem;"
2025-07-08,ERS-122,OBRAS COM IMPACTO NO TRAFEGO,"*Km 20 ao 25, próximo ao refúgio em curva em Carlos Barbosa, fechamento de pista para manutenção de sistema de drenagem;"
2025-07-08,ERS-122,OBRAS COM IMPACTO NO TRAFEGO,"*Km 36, próximo ao Posto Gambino em Bom Princípio, estreitamento de pista para manutenção da faixa de domínio;"
2025-07-08,ERS-122,OBRAS COM IMPACTO NO TRAFEGO,"*Km 44 ao 46, próximo ao Bar da Janete em Farroupilha, fechamento de terceira faixa para manutenção da faixa de domínio;"
2025-07-08,ERS-122,OBRAS COM IMPACTO NO TRAFEGO,"*Km 55 ao 60, do Posto Vila Nova a Soprano em Farroupilha, estreitamento de pista para pintura e manutenção de meios fios;"
2025-07-08,ERS-122,OBRAS COM IMPACTO NO TRAFEGO,"*Km 107 ao 110, da Frutas Capelin em Flores da Cunha a tenda Zulian em Antônio Prado, pare e siga estreitamento de pista para fresagem e recomposição asfáltica e manutenção em New Jersey;"
2025-07-08,ERS-122,OBRAS COM IMPACTO NO TRAFEGO,"*Km 114 ao 116, da Tenda Belvedere ao Restaurante do Zeca em Antônio Prado, estreitamento de pista para manutenção da faixa de domínio;"
2025-07-08,ERS-122,OBRAS COM IMPACTO NO TRAFEGO,"*Km 124 ao 132, da Voler Móveis a Danceteria Cigana em Antônio Prado, estreitamento de pista para manutenção em talude, pintura e conformação de terreno e concretagem;"
2025-07-08,ERS-122,OBRAS COM IMPACTO NO TRAFEGO,"*Km 150 ao 168, do restaurante Sandi em Ipê ao entroncamento com a BR-116 em Campestre da Serra, pare e siga para reparo localizado;"
2025-07-08,ERS-122,OBRAS SEM IMPACTO NO TRAFEGO,"*Km 06, próximo ao Ferro Velho CDV em São Sebastião do Caí, aferição de radar;"
2025-07-08,ERS-122,OBRAS SEM IMPACTO NO TRAFEGO,"*Km 12 ao 39, do acesso ao Vale do Caí ao viaduto de acesso a São Vendelino, serviços gerais da conserva, manutenção de sinalização, faixa de domínio e aferição de radar;"
2025-07-08,ERS-122,OBRAS SEM IMPACTO NO TRAFEGO,"*Km 50 ao 65, do trevo de Alto Feliz em Farroupilha a Frasle em Caxias do Sul, manutenção de sistema de drenagem e sinalização;"
2025-07-08,ERS-122,OBRAS SEM IMPACTO NO TRAFEGO,"*Km 69 ao 86, do trevo de contorno de Caxias do Sul ao Posto Andreazza em Flores da Cunha, manutenção de sistema de drenagem e sinalização;"
2025-07-08,ERS-122,OBRAS SEM IMPACTO NO TRAFEGO,"*Km 101 ao 102, próximo ao Binato Pastore em Flores da Cunha, manutenção do sistema de drenagem;"
2025-07-08,ERS-122,OBRAS SEM IMPACTO NO TRAFEGO,"*Km 109 ao 120, da Banca de Frutas ao Ciconetto Implementos Rodoviários em Antônio Prado, manutenção de sistema de drenagem e sinalização;"
2025-07-09,ERS-446,OBRAS SEM IMPACTO NO TRAFEGO,"*Km 10 ao 14, da Tenda e Lancheria da Serra ao trevo de acesso a Carlos Barbosa, manutenção da faixa de domínio e sinalização;"
2025-07-09,RSC-287,OBRAS COM IMPACTO NO TRAFEGO,"*Km 00 ao 09, do Trevo de Montenegro ao Atrhol Transportes em Montenegro, pare e siga para pintura;"
2025-07-09,RSC-287,OBRAS SEM IMPACTO NO TRAFEGO,"*Km 00 ao 07, do trevo de Montenegro ao Antigo Frigonal, manutenção da faixa de domínio;"
2025-07-09,RSC-453,OBRAS SEM IMPACTO NO TRAFEGO,"*Km 101 ao 121, do trevo de entroncamento com a BRS-470 em Garibaldi ao entroncamento com a ERS-122 em Farroupilha, manutenção da faixa de domínio;"
2025-07-09,ERS-240,OBRAS COM IMPACTO NO TRAFEGO,"*Km 00 ao 13, do viaduto da Scharlau em São Leopoldo a Casa das Cucas Maurer em Portão, para reparos localizados;"
2025-07-09,ERS-240,OBRAS SEM IMPACTO NO TRAFEGO,"*Km 02, próximo a Belplast em São Leopoldo, aferição de radar;"
2025-07-09,ERS-240,OBRAS SEM IMPACTO NO TRAFEGO,"*Km 14, próximo ao Leopolymer em Portão, aferição de radar;"
2025-07-09,ERS-240,OBRAS SEM IMPACTO NO TRAFEGO,"*Km 21 ao 24, do MVW Motor Home em Capela de Santana a Floricultura do Juliano, manutenção de faixa de domínio e aferição de radar;"
2025-07-09,ERS-240,OBRAS SEM IMPACTO NO TRAFEGO,"*Km 31 ao 33, da Empresa abandonada ao Sinoscar em Montenegro, serviços gerais da conserva;"
2025-07-09,ERS-122,OBRAS COM IMPACTO NO TRAFEGO,"*Km 04, próximo a LF Thermo Frio em São Sebastião do Caí, estreitamento de pista para conformação de terreno e concretagem;"
2025-07-09,ERS-122,OBRAS COM IMPACTO NO TRAFEGO,"*Km 14 ao 25, ao refúgio em curva em Carlos Barbosa, estreitamento de pista para pintura de dispositivos e conformação de terreno;"
2025-07-09,ERS-122,OBRAS COM IMPACTO NO TRAFEGO,"*Km 44 ao 46, próximo ao Bar da Janete em Farroupilha, fechamento de terceira faixa para manutenção da faixa de domínio;"
2025-07-09,ERS-122,OBRAS COM IMPACTO NO TRAFEGO,"*Km 52 ao 62, do Trevo de Nova Milano a Mantomac em Farroupilha, estreitamento de pista para manutenção da faixa de domínio, pintura e manutenção de meios fios;"
2025-07-09,ERS-122,OBRAS COM IMPACTO NO TRAFEGO,"*Km 107 ao 109, da Frutas Capelin em Flores da Cunha a tenda Zulian em Antônio Prado, pare e siga para fresagem e recomposição asfáltica;"
2025-07-09,ERS-122,OBRAS COM IMPACTO NO TRAFEGO,"*Km 114 ao 116, da Tenda Belvedere ao Restaurante do Zeca em Antônio Prado, estreitamento de pista para manutenção da faixa de domínio;"
2025-07-09,ERS-122,OBRAS COM IMPACTO NO TRAFEGO,"*Km 124 ao 127, da Voler Móveis ao Restaurante Lorama em Antônio Prado, estreitamento de pista para manutenção em talude e conformação de terreno e concretagem;"
2025-07-09,ERS-122,OBRAS COM IMPACTO NO TRAFEGO,"*Km 135 ao 136, próximo a Banca do Frigi em Ipê, estreitamento de pista para pintura;"
2025-07-09,ERS-122,OBRAS COM IMPACTO NO TRAFEGO,"*Km 140 ao 155, da Entrada da Capela São Paulo em Ipê ao Posto Kamboim em Campestre da Serra, pare e siga para reparo localizado;"
2025-07-09,ERS-122,OBRAS SEM IMPACTO NO TRAFEGO,"*Km 06, próximo ao Ferro Velho CDV em São Sebastião do Caí, aferição de radar;"
2025-07-09,ERS-122,OBRAS SEM IMPACTO NO TRAFEGO,"*Km 16 ao 39, do acesso ao Vale do Caí ao viaduto de acesso a São Vendelino, serviços gerais da conserva, manutenção de sinalização, faixa de domínio e aferição de radar;"
2025-07-09,ERS-122,OBRAS SEM IMPACTO NO TRAFEGO,"*Km 50 ao 80, do trevo de Alto Feliz em Farroupilha a Frasle em Caxias do Sul, manutenção de sistema de drenagem e sinalização;"
2025-07-09,ERS-122,OBRAS SEM IMPACTO NO TRAFEGO,"*Km 69 ao 86, do trevo de contorno de Caxias do Sul ao Posto Andreazza em Flores da Cunha, manutenção de sistema de drenagem, faixa de domínio e sinalização;"
2025-07-09,ERS-122,OBRAS SEM IMPACTO NO TRAFEGO,"*Km 95 ao 98, do Posto Sim Aparecida ao Aquarius Sociedade em Flores da Cunha, limpeza do sistema de drenagem;"
2025-07-09,ERS-122,OBRAS SEM IMPACTO NO TRAFEGO,"*Km 109 ao 130, da Banca de Frutas ao Posto Andreazza em Ipê, manutenção de sistema de drenagem e sinalização;"
2025-07-09,ERS-122,OBRAS SEM IMPACTO NO TRAFEGO,"*Km 164 ao 168, próximo a entrada da Fazenda Clarice em Campestre da Serra, manutenção da faixa de domínio;"
2025-07-10,BRS-470,OBRAS SEM IMPACTO NO TRÁFEGO:,"*Km 220 ao 233, do Trevo de Santa Tereza em Bento Gonçalves ao trevo de acesso a Montenegro em Carlos Barbosa, manutenção da faixa de domínio;"
2025-07-10,RSC-287,OBRAS COM IMPACTO NO TRAFEGO,"*Km 03 ao 09, do Ferral Alumínio ao Atrhol Transportes em Montenegro, pare e siga para pintura;"
2025-07-10,RSC-287,OBRAS SEM IMPACTO NO TRAFEGO,"*Km 08, próximo ao Antigo Frigonal em Montenegro, aferição de radar;"
2025-07-10,RSC-453,OBRAS SEM IMPACTO NO TRAFEGO,"*Km 101 ao 121, do trevo de entroncamento com a BRS-470 em Garibaldi ao entroncamento com a ERS-122 em Farroupilha, manutenção da faixa de domínio;"
2025-07-10,ERS-240,OBRAS SEM IMPACTO NO TRAFEGO,"*Km 00 ao 08, do viaduto da Scharlau em São Leopoldo ao Salvados Portão, serviços gerais da conserva;"
2025-07-10,ERS-240,OBRAS SEM IMPACTO NO TRAFEGO,"*Km 13 ao 33, do Hotel De Stefani em Portão ao trevo de Triunfo, manutenção da faixa de domínio;"
2025-07-10,ERS-122,OBRAS COM IMPACTO NO TRAFEGO,"*Km 04, próximo a LF Thermo Frio em São Sebastião do Caí, estreitamento de pista para conformação de terreno e concretagem;"
2025-07-10,ERS-122,OBRAS COM IMPACTO NO TRAFEGO,"*Km 15, próximo à entrada principal de São Sebastião do Caí, estreitamento de pista para conformação de terreno;"
2025-07-10,ERS-122,OBRAS COM IMPACTO NO TRAFEGO,"*Km 35 ao 38, do Posto Regis em Bom Princípio a Fruteira São Vendelino, estreitamento de pista para pintura de sinalização;"
2025-07-10,ERS-122,OBRAS COM IMPACTO NO TRAFEGO,"*Km 48 ao 62, do Bar da Janete a Mantomac em Farroupilha, estreitamento de pista para manutenção da faixa de domínio, pintura e manutenção de meios fios;"
2025-07-10,ERS-122,OBRAS COM IMPACTO NO TRAFEGO,"*Km 107 ao 108, da Frutas Capelin em Flores da Cunha a tenda Zulian em Antônio Prado, pare e siga para pintura;"
2025-07-10,ERS-122,OBRAS COM IMPACTO NO TRAFEGO,"*Km 114 ao 116, da Tenda Belvedere ao Restaurante do Zeca em Antônio Prado, estreitamento de pista para manutenção da faixa de domínio;"
2025-07-10,ERS-122,OBRAS COM IMPACTO NO TRAFEGO,"*Km 126 ao 127, próximo a Mecânica Ciconetto em Antônio Prado, estreitamento de pista para conformação de terreno e pintura;"
2025-07-10,ERS-122,OBRAS COM IMPACTO NO TRAFEGO,"*Km 140 ao 145, da Entrada da Capela São Paulo ao Sair Kana em Ipê, pare e siga para reparo localizado;"
2025-07-10,ERS-122,OBRAS COM IMPACTO NO TRAFEGO,"*Km 157 ao 158, próximo a Fazenda Duran em Campestre da Serra, estreitamento de pista para pintura;"
2025-07-10,ERS-122,OBRAS COM IMPACTO NO TRAFEGO,"*Km 165 ao 168, próximo ao trevo de acesso a BR-116, estreitamento de pista para pintura;"
2025-07-10,ERS-122,OBRAS SEM IMPACTO NO TRAFEGO,"*Km 25 ao 39, do Posto Alles em Bom Princípio ao Viaduto de acesso a São Vendelino, serviços gerais da conserva, manutenção de sinalização, faixa de domínio e sistema de drenagem e aferição de radar;"
2025-07-10,ERS-122,OBRAS SEM IMPACTO NO TRAFEGO,"*Km 65 ao 69, do Posto Sander ao Trevo de contorno de Caxias do Sul, manutenção de sistema de drenagem;"
2025-07-10,ERS-122,OBRAS SEM IMPACTO NO TRAFEGO,"*Km 80 ao 83, próximo ao retorno da Linha 40 em Caxias do Sul, manutenção da faixa de domínio;"
2025-07-10,ERS-122,OBRAS SEM IMPACTO NO TRAFEGO,"*Km 91 ao 125, do trevo de Flores da Cunha ao Voler Móveis em Antônio Prado, manutenção do sistema de drenagem, faixa de domínio e sinalização;"
2025-07-10,ERS-122,OBRAS SEM IMPACTO NO TRAFEGO,"*Km 160 ao 164, próximo a Tenda do Beleza em Campestre da Serra, manutenção da faixa de domínio;"
2025-07-11,BRS-470,OBRAS SEM IMPACTO NO TRÁFEGO:,"*Km 220 ao 225, do Trevo de Santa Tereza em Bento Gonçalves a Concresul em Garibaldi, manutenção da faixa de domínio, drenagem e sinalização;"
2025-07-11,RSC-287,OBRAS COM IMPACTO NO TRAFEGO,"*Km 03 ao 09, do Ferral Alumínio ao Atrhol Transportes em Montenegro, pare e siga para pintura;"
2025-07-11,RSC-287,OBRAS SEM IMPACTO NO TRAFEGO,"*Km 15 ao 21, da Tenda do Dani Montenegro ao Trevo de Triunfo, serviços gerais da conserva;"
2025-07-11,ERS-240,OBRAS SEM IMPACTO NO TRAFEGO,"*Km 00 ao 14, do viaduto da Scharlau em São Leopoldo ao Hotel De Stefani em Portão, serviços gerais da conserva e manutenção da faixa de domínio;"
2025-07-11,ERS-240,OBRAS SEM IMPACTO NO TRAFEGO,"*Km 21 ao 25, da MVW Motor Home ao Juliano Floricultura em Capela de Santana, manutenção da faixa de domínio;"
2025-07-11,ERS-122,OBRAS COM IMPACTO NO TRAFEGO,"*Km 04, próximo a LF Thermo Frio em São Sebastião do Caí, estreitamento de pista para conformação de terreno e concretagem;"
2025-07-11,ERS-122,OBRAS COM IMPACTO NO TRAFEGO,"*Km 15, próximo à entrada principal de São Sebastião do Caí, estreitamento de pista para conformação de terreno;"
2025-07-11,ERS-122,OBRAS COM IMPACTO NO TRAFEGO,"*Km 50 ao 62, do Bar da Janete a Mantomac em Farroupilha, estreitamento de pista para manutenção da faixa de domínio, pintura e manutenção de meios fios;"
2025-07-11,ERS-122,OBRAS COM IMPACTO NO TRAFEGO,"*Km 74 ao 75, próximo a Volvo em Caxias do Sul, estreitamento de pista para manutenção de sistema de drenagem;"
2025-07-11,ERS-122,OBRAS COM IMPACTO NO TRAFEGO,"*Km 107 ao 108, da Frutas Capelin em Flores da Cunha a tenda Zulian em Antônio Prado, pare e siga para pintura;"
2025-07-11,ERS-122,OBRAS COM IMPACTO NO TRAFEGO,"*Km 114 ao 116, da Tenda Belvedere ao Restaurante do Zeca em Antônio Prado, estreitamento de pista para manutenção da faixa de domínio;"
2025-07-11,ERS-122,OBRAS COM IMPACTO NO TRAFEGO,"*Km 126 ao 127, próximo a Mecânica Ciconetto em Antônio Prado, estreitamento de pista para conformação de terreno e pintura;"
2025-07-11,ERS-122,OBRAS SEM IMPACTO NO TRAFEGO,"*Km 00 ao 30, do posto da PRE em Portão a Tenda Bom Princípio, manutenção de sinalização, sistema de drenagem e pintura;"
2025-07-11,ERS-122,OBRAS SEM IMPACTO NO TRAFEGO,"*Km 39 ao 55, do Viaduto de acesso a São Vendelino ao RM Mecânica em Farroupilha, manutenção da faixa de domínio;"
2025-07-11,ERS-122,OBRAS SEM IMPACTO NO TRAFEGO,"*Km 65 ao 69, do Posto Sander ao Trevo de contorno de Caxias do Sul, manutenção de sistema de drenagem;"
2025-07-11,ERS-122,OBRAS SEM IMPACTO NO TRAFEGO,"*Km 80 ao 83, próximo ao retorno da Linha 40 em Caxias do Sul, manutenção da faixa de domínio;"
2025-07-11,ERS-122,OBRAS SEM IMPACTO NO TRAFEGO,"*Km 91 ao 116, do trevo de Flores da Cunha ao Restaurante do Zeca em Antônio Prado, manutenção da faixa de domínio, sinalização e serviços gerais da conserva;"
2025-07-11,ERS-122,OBRAS SEM IMPACTO NO TRAFEGO,"*Km 156 ao 160, próximo a Posto Kamboim em Campestre da Serra, manutenção da faixa de domínio e sinalização;"
2025-07-12,BRS-470,OBRAS SEM IMPACTO NO TRÁFEGO:,"*Km 220 ao 225, do Trevo de Santa Tereza em Bento Gonçalves a Concresul em Garibaldi, manutenção da faixa de domínio, drenagem e sinalização;"
2025-07-12,RSC-287,OBRAS COM IMPACTO NO TRAFEGO,"*Km 03 ao 09, do Ferral Alumínio ao Atrhol Transportes em Montenegro, pare e siga para pintura;"
2025-07-12,RSC-287,OBRAS SEM IMPACTO NO TRAFEGO,"*Km 15 ao 21, da Tenda do Dani Montenegro ao Trevo de Triunfo, serviços gerais da conserva;"
2025-07-12,ERS-240,OBRAS SEM IMPACTO NO TRAFEGO,"*Km 00 ao 14, do viaduto da Scharlau em São Leopoldo ao Hotel De Stefani em Portão, serviços gerais da conserva e manutenção da faixa de domínio;"
2025-07-12,ERS-240,OBRAS SEM IMPACTO NO TRAFEGO,"*Km 21 ao 25, da MVW Motor Home ao Juliano Floricultura em Capela de Santana, manutenção da faixa de domínio;"
2025-07-12,ERS-122,OBRAS COM IMPACTO NO TRAFEGO,"*Km 04, próximo a LF Thermo Frio em São Sebastião do Caí, estreitamento de pista para conformação de terreno e concretagem;"
2025-07-12,ERS-122,OBRAS COM IMPACTO NO TRAFEGO,"*Km 15, próximo à entrada principal de São Sebastião do Caí, estreitamento de pista para conformação de terreno;"
2025-07-12,ERS-122,OBRAS COM IMPACTO NO TRAFEGO,"*Km 50 ao 62, do Bar da Janete a Mantomac em Farroupilha, estreitamento de pista para manutenção da faixa de domínio, pintura e manutenção de meios fios;"
2025-07-12,ERS-122,OBRAS COM IMPACTO NO TRAFEGO,"*Km 74 ao 75, próximo a Volvo em Caxias do Sul, estreitamento de pista para manutenção de sistema de drenagem;"
2025-07-12,ERS-122,OBRAS COM IMPACTO NO TRAFEGO,"*Km 107 ao 108, da Frutas Capelin em Flores da Cunha a tenda Zulian em Antônio Prado, pare e siga para pintura;"
2025-07-12,ERS-122,OBRAS COM IMPACTO NO TRAFEGO,"*Km 114 ao 116, da Tenda Belvedere ao Restaurante do Zeca em Antônio Prado, estreitamento de pista para manutenção da faixa de domínio;"
2025-07-12,ERS-122,OBRAS COM IMPACTO NO TRAFEGO,"*Km 126 ao 127, próximo a Mecânica Ciconetto em Antônio Prado, estreitamento de pista para conformação de terreno e pintura;"
2025-07-12,ERS-122,OBRAS SEM IMPACTO NO TRAFEGO,"*Km 00 ao 30, do posto da PRE em Portão a Tenda Bom Princípio, manutenção de sinalização, sistema de drenagem e pintura;"
2025-07-12,ERS-122,OBRAS SEM IMPACTO NO TRAFEGO,"*Km 39 ao 55, do Viaduto de acesso a São Vendelino ao RM Mecânica em Farroupilha, manutenção da faixa de domínio;"
2025-07-12,ERS-122,OBRAS SEM IMPACTO NO TRAFEGO,"*Km 65 ao 69, do Posto Sander ao Trevo de contorno de Caxias do Sul, manutenção de sistema de drenagem;"
2025-07-12,ERS-122,OBRAS SEM IMPACTO NO TRAFEGO,"*Km 80 ao 83, próximo ao retorno da Linha 40 em Caxias do Sul, manutenção da faixa de domínio;"
2025-07-12,ERS-122,OBRAS SEM IMPACTO NO TRAFEGO,"*Km 91 ao 116, do trevo de Flores da Cunha ao Restaurante do Zeca em Antônio Prado, manutenção da faixa de domínio, sinalização e serviços gerais da conserva;"
2025-07-12,ERS-122,OBRAS SEM IMPACTO NO TRAFEGO,"*Km 156 ao 160, próximo a Posto Kamboim em Campestre da Serra, manutenção da faixa de domínio e sinalização;"
2025-07-14,ERS-446,OBRAS SEM IMPACTO NO TRAFEGO,"*Km 00 ao 07, do viaduto sobre a ERS-122 em São Vendelino a ponte Arroio Santa Clara em Carlos Barbosa, manutenção do sistema de drenagem;"
2025-07-14,RSC-287,OBRAS SEM IMPACTO NO TRAFEGO,"*Km 00 ao 20, do trevo de Montenegro ao Trevo de Triunfo, manutenção de sinalização;"
2025-07-14,RSC-453,OBRAS SEM IMPACTO NO TRAFEGO,"*Km 101 ao 121, do trevo de entroncamento com a BRS-470 em Garibaldi ao entroncamento com a ERS-122 em Farroupilha, manutenção de sistema de drenagem;"
2025-07-14,ERS-240,OBRAS COM IMPACTO NO TRAFEGO,"*Km 02, próximo a Belplast em São Leopoldo, desvio de pista para manutenção em radar;"
2025-07-14,ERS-240,OBRAS SEM IMPACTO NO TRAFEGO,"*Km 00 ao 23, do viaduto da Scharlau em São Leopoldo a Casa do Chá em Capela de Santana, manutenção da faixa de domínio e sistema de drenagem;"
2025-07-14,ERS-122,OBRAS COM IMPACTO NO TRAFEGO,"*Km 05, próximo a LF Thermo Frio em São Sebastião do Caí, estreitamento de pista para conformação de terreno;"
2025-07-14,ERS-122,OBRAS COM IMPACTO NO TRAFEGO,"*Km 17 ao 25, da Tratordini em São Sebastião do Caí ao Posto Alles em Bom Princípio, estreitamento de pista para conformação de terreno, concretagem e pintura;"
2025-07-14,ERS-122,OBRAS COM IMPACTO NO TRAFEGO,"*Km 61, próximo a Maltec em Farroupilha, estreitamento de pista para manutenção de meio fio;"
2025-07-14,ERS-122,OBRAS COM IMPACTO NO TRAFEGO,"*Km 107 ao 108, próximo a Ponte sob rio das Antas em Antônio Prado, pare e siga para pintura;"
2025-07-14,ERS-122,OBRAS COM IMPACTO NO TRAFEGO,"*Km 127, próximo a Mecânica Ciconetto em Antônio Prado, estreitamento de pista para conformação de terreno, concretagem e plantio de grama;"
2025-07-14,ERS-122,OBRAS SEM IMPACTO NO TRAFEGO,"*Km 00 ao 55, do posto da PRE em Portão ao RM Mecânica em Farroupilha, manutenção de sinalização, faixa de domínio e meios fios e pintura;"
2025-07-14,ERS-122,OBRAS SEM IMPACTO NO TRAFEGO,"*Km 69 ao 72, do Trevo de contorno de Caxias ao Expresso São Miguel, manutenção da faixa de domínio;"
2025-07-14,ERS-122,OBRAS SEM IMPACTO NO TRAFEGO,"*Km 89 ao 102, do TKA Cranes a Casa Venâncio em Flores da Cunha, manutenção da faixa de domínio;"
2025-07-14,ERS-122,OBRAS SEM IMPACTO NO TRAFEGO,"*Km 130 ao 161, do Posto Andreazza em Ipê a Tenda do Beleza em Campestre da Serra, manutenção de sinalização, faixa de domínio e sistema de drenagem;"
2025-07-15,ERS-446,OBRAS SEM IMPACTO NO TRAFEGO,"*Km 07, próximo a ponte Arroio Santa Clara em Carlos Barbosa, manutenção do sistema de drenagem;"
2025-07-15,RSC-287,OBRAS SEM IMPACTO NO TRAFEGO,"*Km 00 ao 21, do trevo de Montenegro ao Trevo de Triunfo, manutenção de sinalização e faixa de domínio;"
2025-07-15,RSC-453,OBRAS SEM IMPACTO NO TRAFEGO,"*Km 106 ao 121, do Farina Park Hotel em Bento Gonçalves ao entroncamento com a ERS-122 em Farroupilha, manutenção de sistema de drenagem e limpeza de sinalização;"
2025-07-15,ERS-240,OBRAS SEM IMPACTO NO TRAFEGO,"*Km 07 ao 26, do Don Zarchita em Portão a Floricultura Bergamotão em Capela de Santana, manutenção da faixa de domínio e sistema de drenagem;"
2025-07-15,ERS-122,OBRAS COM IMPACTO NO TRAFEGO,"*Km 01 ao 20, do Ale Pneus em Portão ao Finkler em Bom Princípio, estreitamento de pista para conformação de terreno, concretagem e pintura;"
2025-07-15,ERS-122,OBRAS COM IMPACTO NO TRAFEGO,"*Km 61, próximo a Maltec em Farroupilha, estreitamento de pista para manutenção de meio fio;"
2025-07-15,ERS-122,OBRAS COM IMPACTO NO TRAFEGO,"*Km 121 ao 127, da Casa de Pedras a Mecânica Ciconetto em Antônio Prado, pare e siga e estreitamento de pista para fresagem e recomposição, pintura, conformação de terreno, concretagem, reparo localizado e plantio de grama;"
2025-07-15,ERS-122,OBRAS SEM IMPACTO NO TRAFEGO,"*Km 04 ao 05, próximo a Floricultura Modelo em São Sebastião do Caí, pintura e reparo de canaletas;"
2025-07-15,ERS-122,OBRAS SEM IMPACTO NO TRAFEGO,"*Km 12 ao 17, do Restaurante Di Variani ao Dezmaq em São Sebastião do Caí, manutenção da faixa de domínio;"
2025-07-15,ERS-122,OBRAS SEM IMPACTO NO TRAFEGO,"*Km 30 ao 37, da Tenda Bom Princípio ao Betonart em São Vendelino, pintura, manutenção de sistema de drenagem, sinalização e faixa de domínio;"
2025-07-15,ERS-122,OBRAS SEM IMPACTO NO TRAFEGO,"*Km 55 ao 160, do RM Mecânica em Farroupilha a Tenda do Beleza em Campestre da Serra, manutenção de sinalização, faixa de domínio e meios fios e pintura;"
2025-07-16,ERS-446,OBRAS SEM IMPACTO NO TRAFEGO,"*Km 12 ao 14, da Ponte Arroio Santa Clara ao trevo de acesso a Carlos Barbosa, manutenção do sistema de drenagem e faixa de domínio;"
2025-07-16,BRS-470,SEM IMPACTO NO TRAFEGO,"*km 220 ao 233, do trevo Santa Tereza em Bento Gonçalves ao Trevo de acesso a Montenegro em Carlos Barbosa, manutenção da faixa de domínio;"
2025-07-16,RSC-287,OBRAS COM IMPACTO NO TRAFEGO,"*Km 01 ao 02, próximo a Lojas Taqi em Montenegro, estreitamento de pista para pintura de sinalização;"
2025-07-16,RSC-453,OBRAS SEM IMPACTO NO TRAFEGO,"*Km 106 ao 121, do Farina Park Hotel em Bento Gonçalves ao entroncamento com a ERS-122 em Farroupilha, manutenção de sistema de drenagem e limpeza de sinalização;"
2025-07-16,ERS-240,OBRAS SEM IMPACTO NO TRAFEGO,"*Km 04 ao 07, do Reboque Pai e Filho em São Leopoldo ao Don Zarchita em Portão, manutenção de sistema de drenagem;"
2025-07-16,ERS-240,OBRAS SEM IMPACTO NO TRAFEGO,"*Km 14 ao 33, do posto Shell em Portão ao Sinoscar em Montenegro, manutenção da faixa de domínio;"
2025-07-16,ERS-122,OBRAS COM IMPACTO NO TRAFEGO,"*Km 17, próximo a Dezmaq em São Sebastião do Caí, estreitamento de pista para concretagem;"
2025-07-16,ERS-122,OBRAS COM IMPACTO NO TRAFEGO,"*Km 61, próximo a Maltec em Farroupilha, estreitamento de pista para manutenção de meio fio;"
2025-07-16,ERS-122,OBRAS COM IMPACTO NO TRAFEGO,"*Km 83, próximo a Linha 40 em Caxias do Sul, estreitamento de pista para limpeza da faixa de domínio;"
2025-07-16,ERS-122,OBRAS COM IMPACTO NO TRAFEGO,"*Km 121 ao 128, da Casa de Pedras a Mecânica Ciconetto em Antônio Prado, pare e siga e estreitamento de pista para fresagem e recomposição, pintura e hidrossemeadura;"
2025-07-16,ERS-122,OBRAS SEM IMPACTO NO TRAFEGO,"*Km 15 ao 38, da entrada principal de São Sebastião do Caí a Fruteira São Vendelino, manutenção de meio fio, pintura, faixa de domínio e aferição de radar;"
2025-07-16,ERS-122,OBRAS SEM IMPACTO NO TRAFEGO,"*Km 69 ao 81, do Trevo de contorno de Caxias do Sul, ao retorno da Linha 40 em Caxias do Sul, manutenção da faixa de domínio, sistema de drenagem e talude;"
2025-07-16,ERS-122,OBRAS SEM IMPACTO NO TRAFEGO,"*Km 89 ao 101, do TKA Cranes ao Binato Pistore em Flores da Cunha, manutenção do sistema de drenagem e sinalização;"
2025-07-16,ERS-122,OBRAS SEM IMPACTO NO TRAFEGO,"*Km 134 ao 136, próximo a Banca do Frigi em Ipê, limpeza de sistema de drenagem;"
2025-07-16,ERS-122,OBRAS SEM IMPACTO NO TRAFEGO,"*Km 149 ao 157, do posto Porteirinha em Ipê a Fazenda Duran em Campestre da Serra, pintura de canaleta e manutenção do sistema de drenagem;"
2025-07-17,ERS-446,OBRAS SEM IMPACTO NO TRAFEGO,"* Km 06 ao 12, da ponte a Ponte Arroio Santa Clara  em Carlos Barbosa, manutenção do sistema de drenagem e faixa de domínio."
2025-07-17,RSC-453,OBRAS SEM IMPACTO NO TRAFEGO,"* Km 101 ao 121, do trevo de acesso a BRS-470 em Carlos Barbosa ao entroncamento com a ERS-122 em Farroupilha, manutenção de sistema de drenagem e limpeza de sinalização;"
2025-07-17,ERS-240,OBRAS SEM IMPACTO NO TRAFEGO,"* Km 00 ao 08, do viaduto da Scharlau em São Leopoldo ao Salvados Portão, aferição de radar e serviços gerais da conserva;"
2025-07-17,ERS-240,OBRAS SEM IMPACTO NO TRAFEGO,"* Km 29 ao 33, do posto Shell em Portão ao Sinoscar em Montenegro, manutenção da faixa de domínio;"
2025-07-17,ERS-122,OBRAS COM IMPACTO NO TRAFEGO,"* Km 17, próximo a Dezmaq em São Sebastião do Caí, estreitamento de pista para concretagem;"
2025-07-17,ERS-122,OBRAS COM IMPACTO NO TRAFEGO,"* Km 62, próximo a Maltec em Farroupilha, estreitamento de pista para manutenção de meio-fio;"
2025-07-17,ERS-122,OBRAS COM IMPACTO NO TRAFEGO,"* Km 98 ao 100, próximo a Enjoy em Flores da Cunha, pare e siga para fresagem e recomposição;"
2025-07-17,ERS-122,OBRAS COM IMPACTO NO TRAFEGO,"* Km 127 ao 131, da Mecânica Ouro Diesel em Antônio Prado até a Mecânica Araldi em Ipê, estreitamento de pista para pintura, concretagem e plantio de grama;"
2025-07-17,ERS-122,OBRAS COM IMPACTO NO TRAFEGO,"* Km 140 ao 150, da entrada do Hotel Fazenda Verdi ao restaurante Sandi em Ipê, pare e siga para reparo localizado;"
2025-07-17,ERS-122,OBRAS SEM IMPACTO NO TRAFEGO,"* Km 00 ao 39, do posto da PRE em Portão à Fruteira São Vendelino, manutenção de meio-fio, faixa de domínio, serviços gerais da"
2025-07-17,ERS-122,OBRAS SEM IMPACTO NO TRAFEGO,"* Km 69 ao 168, do Trevo de contorno de Caxias do Sul ao trevo de acesso a BR-116 em Campestre da Serra, serviços gerais da conserva, manutenção de talude, da faixa de domínio e sistema de drenagem;"
2025-07-18,ERS-446,OBRAS SEM IMPACTO NO TRAFEGO,"*Km 00 ao 14, do viaduto sobre a ERS-122 em São Vendelino ao trevo de acesso a Carlos Barbosa, manutenção do sistema de drenagem e faixa de domínio;"
2025-07-18,RSC-287,OBRAS SEM IMPACTO NO TRAFEGO,"*Km 15 ao 21, da Tenda do Dani ao trevo de Triunfo, serviços gerais da conserva;"
2025-07-18,RSC-453,OBRAS SEM IMPACTO NO TRAFEGO,"*Km 101 ao 111, do trevo de acesso a BRS-470 em Carlos Barbosa ao Sapore Lanches em Farroupilha, manutenção de sinalização;"
2025-07-18,ERS-240,OBRAS SEM IMPACTO NO TRAFEGO,"*Km 02, próximo a Belplast em São Leopoldo, aferição de radar;"
2025-07-18,ERS-240,OBRAS SEM IMPACTO NO TRAFEGO,"*Km 08 ao 14, da Piscinas Porto Seguro ao Leopolymer em Portão, serviços gerais da conserva e aferição de radar;"
2025-07-18,ERS-240,OBRAS SEM IMPACTO NO TRAFEGO,"*Km 22, próximo ao Campo de Futebol em Capela de Santana, aferição de radar;"
2025-07-18,ERS-240,OBRAS SEM IMPACTO NO TRAFEGO,"*Km 29 ao 33, do posto Shell em Portão ao Sinoscar em Montenegro, manutenção da faixa de domínio;"
2025-07-18,ERS-122,OBRAS COM IMPACTO NO TRAFEGO,"*Km 01 ao 05, do Ale Pneus em Portão a Tenda Nova Geração em São Sebastião do Cai, estreitamento de pista para manutenção de tachas;"
2025-07-18,ERS-122,OBRAS COM IMPACTO NO TRAFEGO,"*Km 10, próximo a GM Car em São Sebastião do Caí, estreitamento de pista para concretagem;"
2025-07-18,ERS-122,OBRAS COM IMPACTO NO TRAFEGO,"*Km 18 ao 33, da ponte em Bom Princípio ao Posto Regis, estreitamento de pista para pintura;"
2025-07-18,ERS-122,OBRAS COM IMPACTO NO TRAFEGO,"*Km 62, próximo a Maltec em Farroupilha, estreitamento de pista para manutenção de meio fio;"
2025-07-18,ERS-122,OBRAS COM IMPACTO NO TRAFEGO,"*Km 98 ao 100, próximo a Enjoy em Flores da Cunha, pare e siga para fresagem e recomposição;"
2025-07-18,ERS-122,OBRAS COM IMPACTO NO TRAFEGO,"*Km 127 ao 133, da Mecânica ouro diesel em Antônio Prado ao Restaurante Família Natal em Ipê, estreitamento de pista para pintura, concretagem e plantio de grama;"
2025-07-18,ERS-122,OBRAS COM IMPACTO NO TRAFEGO,"*Km 140 ao 150, da Entrada do Hotel Fazenda Verdi ao restaurante Sandi em Ipê, pare e siga para reparo localizado;"
2025-07-18,ERS-122,OBRAS SEM IMPACTO NO TRAFEGO,"*Km 00 ao 39, do posto da PRE em Portão a Fruteira São Vendelino, manutenção de faixa de domínio e sistema de drenagem;"
2025-07-18,ERS-122,OBRAS SEM IMPACTO NO TRAFEGO,"*Km 55 ao 168, do Posto Vila Nova em Farroupilha ao trevo de acesso a BR-116 em Campestre da Serra, serviços gerais da conserva, manutenção de talude, sinalização, da faixa de domínio e sistema de drenagem;"
